vocab,hanja,dict_mean
가망,"[""可 옳을 가"", ""望 바랄 망""]","될 만하거나 가능성이 있는 희망.
"
가맹-점,"[""加 더할 가"", ""盟 맹세할 맹"", ""店 가게 점""]","어떤 조직의 동맹이나 연맹에 든 가게나 상점.
"
가명,"[""假 거짓 가"", ""名 이름 명""]","「1」실제의 자기 이름이 아닌 이름.
「2」임시로 지어 부르는 이름.
「3」사물에 붙여진 실답지 않은 헛된 이름.
"
가무,"[""歌 노래 가"", ""舞 춤출 무""]","「1」노래와 춤을 아울러 이르는 말.
「2」노래하면서 춤을 춤.
"
가미-하다,"[""加 더할 가"", ""味 맛 미""]","「1」맛이 나도록 음식 따위에 양념이나 식료품을 더 넣다.
「2」본래의 것에 다른 요소를 보태어 넣다.
「3」약을 지을 때, 본래의 약방문에 적힌 약재에 다른 약재를 더 넣다.
"
가변,"[""可 옳을 가"", ""變 변할 변""]","사물의 모양이나 성질이 바뀌거나 달라질 수 있음. 또는 사물의 모양이나 성질을 바꾸거나 달라지게 할 수 있음.
"
가부장-적,"[""家 집 가"", ""父 아비 부"", ""長 길 장"", ""的 과녁 적""]","[Ⅰ]봉건 사회의 가부장제와 같은 것.
[Ⅱ]봉건 사회의 가부장제와 같은.
"
가산-점,"[""加 더할 가"", ""算 셈 산"", ""點 점 점""]","어떤 것에 대한 대가로 더 주는 점수.
"
강종-하다,"[""强 굳셀 강"", ""從 좇을 종""]","「1」마지못하여 따르다.
「2」억지로 복종을 시키다.
"
개진-하다,"[""改 고칠 개"", ""進 나아갈 진""]","기술이나 낡은 제도 따위가 점차 나아지게 발전하다. 또는 그렇게 만들다.
"
건국-하다,"[""建 세울 건"", ""國 나라 국""]","나라가 세워지다. 또는 나라를 세우다.
"
건실-하다,"[""健 굳셀 건"", ""實 열매 실""]","「1」생각, 태도 따위가 건전하고 착실하다.
「2」몸이 건강하다.
「3」기업의 경영 상태가 좋고 성장 가능성이 높다.
"
건-악기,"[""鍵 열쇠 건"", ""樂 풍류 악"", ""器 그릇 기""]","건반을 가진 악기를 통틀어 이르는 말. 오르간, 피아노, 쳄발로 따위가 있다.
"
건-어물,"[""乾 하늘 건"", ""魚 물고기 어"", ""物 만물 물""]","생선, 조개류 따위를 말린 식품.
"
건재-하다,"[""健 굳셀 건"", ""在 있을 재""]","힘이나 능력이 줄어들지 않고 여전히 그대로 있다.
"
걸신-들리다,"[""乞 빌 걸"", ""神 귀신 신""]","굶주리어 음식을 탐하는 마음이 몹시 나다.
"
검거-하다,"[""檢 봉함 검"", ""擧 들 거""]","수사 기관이 범죄의 예방, 공공 안전의 유지, 범죄의 수사를 위하여 용의자를 일시적으로 억류하다.
"
검문-하다,"[""檢 봉함 검"", ""問 물을 문""]","검사하기 위하여 따져 묻다.
"
검수-하다,"[""檢 봉함 검"", ""修 닦을 수""]","점검하여 수리하다.
"
검시-하다,"[""檢 봉함 검"", ""視 볼 시""]","「1」사실을 조사하다.
「2」시력의 좋고 나쁨을 조사하다.
「3」사람의 사망이 범죄로 인한 것인가를 판단하기 위하여 수사 기관이 변사체를 조사하다.
"
검안-하다,"[""檢 봉함 검"", ""案 책상 안""]","뒤에 남은 흔적이나 상황을 조사하고 따지다.
"
검역-하다,"[""檢 봉함 검"", ""疫 전염병 역""]","해외에서 감염병이나 해충이 들어오는 것을 막기 위하여 공항과 항구에서 총괄하여 살피고 조사하다. 자동차·배·비행기·화물 따위를 검진하고 소독하며, 승객들에게 예방 주사를 접종하거나 병이 있는 사람을 격리하고, 동물이나 식물을 따로 보관하여 병의 유무를 살핀 뒤 폐기하거나 통과시키거나 하는 일 따위를 한다.
"
검인-하다,"[""檢 봉함 검"", ""認 알 인""]","법원이 유언 증서나 유언의 녹음을 개봉하여 조사하고 확인하다. 유언 증서의 존재를 분명하게 하고 위조나 변조를 방지하기 위한 것이다.
"
검정,"[""檢 봉함 검"", ""定 정할 정""]","「1」일정한 규정에 따라 자격이나 조건을 검사하여 결정함.
「2」어떤 자격에 필요한 지식, 학력, 기술 따위가 있는지 검정하기 위하여 실시하는 시험.
"
검증-하다,"[""檢 봉함 검"", ""證 증거 증""]","「1」검사하여 증명하다.
「2」법관이나 수사관이 자기의 감각으로 어떤 대상의 성질이나 상태 따위를 인식하여 증거를 조사하다.
「3」어떤 명제의 참, 거짓을 사실에 비추어 검사하다.
"
고충,"[""苦 쓸 고"", ""衷 속마음 충""]","괴로운 심정이나 사정.
"
고취-하다,"[""鼓 북 고"", ""吹 불 취""]","[1]북을 치고 춤을 추다.
[2]「1」힘을 내도록 격려하여 용기를 북돋우다.
[2]「2」의견이나 사상 따위를 열렬히 주장하여 불어넣다.
"
고평가-하다,"[""高 높을 고"", ""評 평할 평"", ""價 값 가""]","어떤 대상의 가치나 수준 따위를 상대적으로 높게 평가하다.
"
고풍,"[""古 옛 고"", ""風 바람 풍""]","「1」옛날의 풍속.
「2」예스러운 풍취나 모습.
「3」한시 문체의 하나. 소고풍과 대고풍의 구별이 있다.
"
고해-하다,"[""告 고할 고"", ""解 풀 해""]","세례받은 신자가 지은 죄를 뉘우치고 신부를 통하여 하느님에게 고백하여 용서받다.
"
고행-길,"[""苦 쓸 고"", ""行 다닐 행""]","「1」수행자가 수행을 위하여 몸으로 견디기 어려운 일을 행하는 과정.
「2」몸으로 견디기 힘들 정도로 험난하고 어려운 상황이나 과정을 비유적으로 이르는 말.
"
고향-집,"[""故 연고 고"", ""鄕 시골 향""]","자신이 살았거나 부모님이나 가까운 친척이 살고 있는, 고향에 있는 집.
"
곡경,"[""曲 굽을 곡"", ""徑 지름길 경""]","「1」꼬불꼬불한 길.
「2」개인의 이익을 위하여 취하는 바르지 못한 방법.
"
곡기,"[""穀 곡식 곡"", ""氣 기운 기""]","곡식으로 만든 적은 분량의 음식.
"
곡명,"[""曲 굽을 곡"", ""名 이름 명""]","악곡의 이름.
"
곡물,"[""穀 곡식 곡"", ""物 물건 물""]","사람의 식량이 되는 쌀, 보리, 콩, 조, 기장, 수수, 밀, 옥수수 따위를 통틀어 이르는 말.
"
곡식,"[""穀 곡식 곡"", ""食 밥 식""]","사람의 식량이 되는 쌀, 보리, 콩, 조, 기장, 수수, 밀, 옥수수 따위를 통틀어 이르는 말.
"
곡예,"[""曲 굽을 곡"", ""藝 재주 예""]","「1」줄타기, 마술, 재주넘기, 공 타기 따위의 묘기를 부리는 일.
「2」아슬아슬할 정도로 위태로운 동작이나 상태.
"
곡해-하다,"[""曲 굽을 곡"", ""解 풀 해""]","「1」사실을 옳지 아니하게 해석하다.
「2」남의 말이나 행동을 본뜻과는 달리 좋지 아니하게 이해하다.
"
곤궁-스럽다,"[""困 괴로울 곤"", ""窮 다할 궁""]","가난하여 살림이 구차한 데가 있다.
"
곤욕,"[""困 괴로울 곤"", ""辱 욕될 욕""]","심한 모욕. 또는 참기 힘든 일.
"
곤장,"[""棍 몽둥이 곤"", ""杖 지팡이 장""]","예전에, 죄인의 볼기를 치던 형구. 또는 그 형벌. 버드나무로 넓적하고 길게 만들었다.
"
곤혹,"[""困 괴로울 곤"", ""惑 미혹할 혹""]","곤란한 일을 당하여 어찌할 바를 모름.
"
골격,"[""骨 뼈 골"", ""格 격식 격""]","「1」동물의 체형(體型)을 이루고 몸을 지탱하는 뼈.
「2」어떤 사물이나 일에서 계획의 기본이 되는 틀이나 줄거리.
"
골다공-증,"[""骨 뼈 골"", ""多 많을 다"", ""孔 구멍 공"", ""症 증세 증""]","뼈의 무기질과 단백질이 줄어들어 뼈조직이 엉성해지는 증상.
"
골동-품,"[""骨 뼈 골"", ""董 바를 동"", ""品 물건 품""]","「1」오래되었거나 희귀한 옛 물품.
「2」시대감각을 잃은 무딘 사람이나 그런 물건을 비유적으로 이르는 말.
"
골수,"[""骨 뼈 골"", ""髓 뼛골 수""]","「1」뼈의 중심부인 골수 공간(骨髓空間)에 가득 차 있는 결체질(結締質)의 물질. 적색수(赤色髓)와 황색수(黃色髓)가 있는데, 적색수는 적혈구와 백혈구를 만들고, 황색수는 양분의 저장을 맡는다.
「2」마음속 깊은 곳을 비유적으로 이르는 말.
「3」요점이나 골자를 비유적으로 이르는 말.
「4」어떤 사상이나 종교, 또는 어떤 일에 철저하거나 골몰한 사람을 비유적으로 이르는 말.
"
골절-되다,"[""骨 뼈 골"", ""折 꺾을 절""]","뼈가 부러지다.
"
공고화-하다,"[""鞏 굳을 공"", ""固 굳을 고"", ""化 될 화""]","굳고 단단하게 하다.
"
공공-건물,"[""公 공평할 공"", ""共 함께 공"", ""建 세울 건"", ""物 만물 물""]","공공의 용도로 쓰는 건물. 학교, 도립 병원, 도서관 따위를 이른다.
"
공공연-하다,"[""公 공평할 공"", ""公 공평할 공"", ""然 그러할 연""]","「1」숨김이나 거리낌이 없이 그대로 드러나 있다.
「2」지극히 공변되고 떳떳하다.
"
공공-재,"[""公 공평할 공"", ""共 함께 공"", ""財 재물 재""]","공중(公衆)이 공동으로 사용하는 물건이나 시설. 도로, 항만, 교량, 공원 따위를 이른다.
"
공과-금,"[""公 공평할 공"", ""課 과정 과"", ""金 쇠 금""]","국가나 공공 단체가 국민에게 부과하는 금전적인 부담. 각종 세금을 비롯하여 전기료, 수도료 따위가 포함된다.
"
공교-롭다,"[""工 장인 공"", ""巧 공교할 교""]","생각지 않았거나 뜻하지 않았던 사실이나 사건과 우연히 마주치게 된 것이 기이하다고 할 만하다.
"
공권-력,"[""公 공평할 공"", ""權 권세 권"", ""力 힘 력""]","국가나 공공 단체가 우월한 의사의 주체로서 국민에게 명령하고 강제할 수 있는 권력.
"
권고-하다,"[""勸 권할 권"", ""告 고할 고""]","어떤 일을 하도록 권하다.
"
귀향,"[""歸 돌아갈 귀"", ""鄕 시골 향""]","고향으로 돌아가거나 돌아옴.
"
규명-하다,"[""糾 얽힐 규"", ""明 밝을 명""]","어떤 사실을 자세히 따져서 바로 밝히다.
"
극기,"[""克 이길 극"", ""己 몸 기""]","자기의 감정이나 욕심, 충동 따위를 이성적 의지로 눌러 이김.
"
극빈-층,"[""極 지극할 극"", ""貧 가난할 빈"", ""層 층 층""]","몹시 가난한 계층.
"
극성-스럽다,"[""極 지극할 극"", ""盛 성할 성""]","성질이나 행동이 몹시 드세거나 지나치게 적극적인 데가 있다.
"
극-소량,"[""極 지극할 극"", ""少 적을 소"", ""量 헤아릴 량""]","아주 적은 분량.
"
극양-하다,"[""克 이길 극"", ""讓 사양할 양""]","남을 공경하고 겸손한 태도로 사양하다.
"
극예-하다,"[""極 지극할 극"", ""銳 날카로울 예""]","몹시 날카롭다.
"
근시-안,"[""近 가까울 근"", ""視 볼 시"", ""眼 눈 안""]","「1」시력이 약하여 가까운 데 있는 것은 잘 보아도 먼 데 있는 것은 잘 보지 못하는 눈. 굴절성과 축성(軸性)의 두 종류가 있다.
「2」눈앞의 일에만 사로잡혀 먼 앞날의 일을 짐작하는 지혜가 없음을 비유적으로 이르는 말.
"
근엄-하다,"[""謹 삼갈 근"", ""嚴 엄할 엄""]","점잖고 엄숙하다.
"
기립-성,"[""起 일어날 기"", ""立 설 립"", ""性 성품 성""]","앉거나 누웠다가 일어설 때 증상을 나타내는 병의 성질.
"
기마-병,"[""騎 말탈 기"", ""馬 말 마"", ""兵 병사 병""]","「1」말을 타고 싸우는 병사.
「2」조선 시대에, 말을 타고 싸우던 군대. 용호영, 훈련도감, 금위영, 어영청에 속한 금군, 마병, 기사 따위가 있다.
"
길항,"[""拮 일할 길"", ""抗 겨룰 항""]","서로 버티어 대항함.
"
길흉,"[""吉 길할 길"", ""凶 흉할 흉""]","운이 좋고 나쁨.
"
낙강-하다,"[""落 떨어질 락"", ""降 내릴 강""]","「1」떨어져 내려오다.
「2」신이 하늘에서 인간 세상으로 내려오다.
"
낙과-하다,"[""落 떨어질 락"", ""果 열매 과""]","열매가 나무에서 떨어지다.
"
낙관,"[""樂 즐길 락"", ""觀 볼 관""]","「1」인생이나 사물을 밝고 희망적인 것으로 봄.
「2」앞으로의 일 따위가 잘되어 갈 것으로 여김.
"
낙관론-자,"[""樂 즐길 락"", ""觀 볼 관"", ""論 논할 론"", ""者 놈 자""]","낙관론을 따르거나 주장하는 사람.
"
낙오-되다,"[""落 떨어질 락"", ""伍 대오 오""]","「1」대오에서 처져 뒤떨어지게 되다.
「2」사회나 시대의 진보에 뒤떨어지게 되다.
"
낙점,"[""落 떨어질 락"", ""點 점점""]","「1」여러 후보가 있을 때 그중에 마땅한 대상을 고름.
「2」조선 시대에, 이품 이상의 벼슬아치를 뽑을 때 임금이 이조에서 추천된 세 후보자 가운데 마땅한 사람의 이름 위에 점을 찍던 일.
"
난독-하다,"[""亂 어지러울 란"", ""讀 읽을 독""]","책의 내용이나 수준 따위를 가리지 아니하고 아무 책이나 닥치는 대로 마구 읽다.
"
남작-하다,"[""濫 넘칠 람"", ""作 지을 작""]","글이나 시 따위를 함부로 많이 지어 내다.
"
남행-길,"[""南 남녘 남"", ""行 다닐 행""]","남쪽 방향으로 가는 길.
"
낭자-하다,"[""狼 이리 랑"", ""藉 깔 자""]","「1」여기저기 흩어져 어지럽다.
「2」왁자지껄하고 시끄럽다.
"
내각^회의,"[""內 안 내"", ""閣 집 각"", ""會 모일 회"", ""議 의논할 의""]","내각이 그 직무를 수행하기 위하여 개최하는 회의.
"
내공,"[""內 안 내"", ""功 공 공""]","「1」오랜 기간 무예 따위를 숙련해서 다져진 힘과 기운.
「2」오랜 기간의 경험을 통해 쌓은 능력.
"
내담,"[""內 안 내"", ""談 말씀 담""]","비밀로 이야기함. 또는 그런 이야기.
"
내분,"[""內 안 내"", ""紛 어지러울 분""]","특정 조직이나 단체의 내부에서 자기편끼리 일으킨 분쟁.
"
내성,"[""耐 견딜 내"", ""性 성품 성""]","「1」약물의 반복 복용에 의해 약효가 저하하는 현상.
「2」세균 따위의 병원체(病原體)가 화학 요법제(化學療法濟)나 항생 물질의 계속 사용에 대하여 나타내는 저항성.
「3」환경 조건의 변화에 견딜 수 있는 생물의 성질. 내열성(耐熱性), 내한성(耐寒性) 따위가 있다.
"
냉혹-하다,"[""冷 찰 랭"", ""酷 심할 혹""]","차갑고 혹독하다.
"
노고-하다,"[""勞 일할 로"", ""苦 쓸 고""]","힘들여 수고하고 애쓰다.
"
노사,"[""勞 일할 로"", ""使 하여금 사""]","노동자와 사용자를 아울러 이르는 말.
"
노상,"[""路 길 로"", ""上 윗 상""]","「1」길의 바닥 표면.
「2」길거리나 길의 위.
"
노조,"[""勞 일할 로"", ""組 짤 조""]","노동 조건의 개선(改善) 및 노동자의 사회적·경제적인 지위 향상을 목적으로 노동자가 조직한 단체. 기업별, 산업별, 지역별 따위의 다양한 형태가 있다.
"
노후,"[""老 늙을 로"", ""朽 썩을 후""]","제구실을 하지 못할 정도로 낡고 오래됨.
"
녹말,"[""綠 푸를 록"", ""末 끝 말""]","「1」감자, 고구마, 물에 불린 녹두 따위를 갈아서 가라앉힌 앙금을 말린 가루.
「2」녹색식물의 엽록체 안에서 광합성으로 만들어져 뿌리, 줄기, 씨앗 따위에 저장되는 탄수화물. 맛도 냄새도 없는 백색 분말로, 포도당을 구성단위로 하는 다당류(多糖類)이고, 찬물에는 녹지 않는다. 인간과 동물에게 열량원(熱量源)으로 없어서는 안 될 영양소이다.
"
녹지-대,"[""綠 푸를 록"", ""地 땅 지"", ""帶 띠 대""]","자연환경을 보전하거나 공해를 방지하기 위하여 도시의 안이나 그 주변에 일부러 조성한 녹지.
"
농가,"[""農 농사 농"", ""家 집 가""]","농사를 본업으로 하는 사람의 집. 또는 그런 가정.
"
늑막-염,"[""肋 갈비 륵"", ""膜 막막"", ""炎 불꽃 염""]","‘가슴막염’의 전 용어.
"
늠름-하다,"[""凜 찰 름"", ""凜 찰 름""]","생김새나 태도가 의젓하고 당당하다.
"
능동,"[""能 능할 능"", ""動 움직일 동""]","「1」스스로 내켜서 움직이거나 작용함.
「2」의식의 상태가 어떤 내적 성질에 토대를 두고 다른 상태로 발전하려는 작용.
「3」주체가 자발적으로 움직이는 동사의 성질.
"
능숙-하다,"[""能 능할 능"", ""熟 익을 숙""]","능하고 익숙하다.
"
다각-화,"[""多 많을 다"", ""角 뿔 각"", ""化 될 화""]","여러 방면이나 부문에 걸치도록 함.
"
다다-익선,"[""多 많을 다"", ""多 많을 다"", ""益 더할 익"", ""善 착할 선""]","많으면 많을수록 더욱 좋음. 중국 한(漢)나라의 장수 한신이 고조(高祖)와 장수의 역량에 대하여 얘기할 때, 고조는 10만 정도의 병사를 지휘할 수 있는 그릇이지만, 자신은 병사의 수가 많을수록 잘 지휘할 수 있다고 한 말에서 유래한다.
"
다독-하다,"[""多 많을 다"", ""讀 읽을 독""]","많이 읽다.
"
다문화^가정,"[""多 많을 다"", ""文化 문화 화"", ""家 집 가"", ""庭 뜰 정""]","국적과 문화적 배경이 서로 다른 사람들로 이루어진 가정.
"
대용-하다,"[""代 대신할 대"", ""用 쓸 용""]","대신하여 다른 것을 쓰다.
"
대응-되다,"[""對 대할 대"", ""應 응할 응""]","「1」어떤 두 대상이 주어진 어떤 관계에 의하여 서로 짝이 이루어지다.
「2」두 집합이 있을 때에 어떤 주어진 관계에 의하여서 두 집합의 원소끼리 짝이 이루어지다.
"
대-작전,"[""大 큰 대"", ""作 지을 작"", ""戰 싸움 전""]","큰 작전.
"
대항-하다,"[""對 대할 대"", ""抗 겨룰 항""]","굽히거나 지지 않으려고 맞서서 버티거나 항거하다.
"
덕망,"[""德 큰 덕"", ""望 바랄 망""]","덕행으로 얻은 명망.
"
덕목,"[""德 큰 덕"", ""目 눈 목""]","충(忠), 효(孝), 인(仁), 의(義) 따위의 덕을 분류하는 명목.
"
도감,"[""圖 그림 도"", ""鑑 거울 감""]","그림이나 사진을 모아 실물 대신 볼 수 있도록 엮은 책.
"
도굴,"[""盜 도둑 도"", ""掘 팔 굴""]","법적 수속이나 관리자의 승낙을 받지 않고 고분 따위를 파거나 광물을 캐냄.
"
도달-점,"[""到 이를 도"", ""達 통달할 달"", ""點 점찍을 점""]","다다른 지점. 또는 최후에 다다른 결과.
"
도달-하다,"[""到 이를 도"", ""達 통달할 달""]","목적한 곳이나 수준에 다다르다.
"
도래,"[""到 이를 도"", ""來 올 래""]","어떤 시기나 기회가 닥쳐옴.
"
도료,"[""塗 진흙 도"", ""料 헤아릴 료""]","물건의 겉에 칠하여 그것을 썩지 않게 하거나 외관상 아름답게 하는 재료. 바니시, 페인트, 옻칠 따위가 있다.
"
도리,"[""道 길 도"", ""理 다스릴 리""]","「1」사람이 어떤 입장에서 마땅히 행하여야 할 바른길.
「2」어떤 일을 해 나갈 방도(方道).
"
도망-하다,"[""逃 달아날 도"", ""亡 망할 망""]","피하거나 쫓기어 달아나다.
"
도배-하다,"[""塗 진흙 도"", ""褙 북도 배""]","「1」종이로 벽이나 반자, 장지 따위를 바르다.
「2」(비유적으로) 어떤 장소 따위를 특정 사물이나 게시물로 가득 채우다.
「3」인터넷 따위의 가상 공간에서 자신의 의견을 피력하거나 불만을 표출하기 위해, 혹은 관심을 드러내기 위해 글, 사진 등을 반복적으로 게시하다.
"
도식화-하다,"[""圖 그림 도"", ""式 법 식"", ""化 될 화""]","「1」사물의 구조, 관계, 변화 상태 따위를 그림이나 양식으로 만들다.
「2」사물의 본질이나 특성이 구체적으로 밝혀지기 위한 인간의 창조적 태도 없이, 일정한 형식이나 틀에 기계적으로 맞춰지다. 또는 그렇게 만들다.
"
도약-하다,"[""跳 뛸 도"", ""躍 뛸 약""]","「1」몸을 위로 솟구치다.
「2」(비유적으로) 더 높은 단계로 발전하다.
"
동성-동본,"[""同 한가지 동"", ""姓 성 성"", ""同 한가지 동"", ""本 근본 본""]","성(姓)과 본관이 모두 같음.
"
득남,"[""得 얻을 득"", ""男 사내 남""]","아들을 낳음.
"
득도-하다,"[""得 얻을 득"", ""道 길 도""]","오묘한 이치나 도를 깨닫다.
"
득명-하다,"[""得 얻을 득"", ""名 이름 명""]","이름이 널리 알려지다.
"
득의양양-하다,"[""得 얻을 득"", ""意 뜻 의"", ""揚 날릴 양"", ""揚 날릴 양""]","뜻한 바를 이루어 우쭐거리며 뽐내다.
"
등가^교환,"[""等 같을 등"", ""價 값 가"", ""交 사귈 교"", ""換 바꿀 환""]","가치가 서로 같은 상품과 상품, 또는 상품과 화폐가 교환되는 일.
"
망신,"[""亡 망할 망"", ""身 몸 신""]","말이나 행동을 잘못하여 자기의 지위, 명예, 체면 따위를 손상함.
"
망연자실-하다,"[""茫 아득할 망"", ""然 그럴 연"", ""自 스스로 자"", ""失 잃을 실""]","멍하니 정신을 잃다.
"
매관-매직,"[""賣 팔 매"", ""官 벼슬 관"", ""賣 팔 매"", ""職 직분 직""]","돈이나 재물을 받고 벼슬을 시킴.
"
매국-노,"[""賣 팔 매"", ""國 나라 국"", ""奴 종 노""]","사사로운 이익을 위하여 나라의 주권이나 이권을 남의 나라에 팔아먹는 행위를 하는 사람.
"
매료-되다,"[""魅 매혹할 매"", ""了 마칠 료""]","사람의 마음이 완전히 사로잡혀 홀리게 되다.
"
매매-하다,"[""賣 팔 매"", ""買 살 매""]","물건을 팔고 사다.
"
매입-하다,"[""買 살 매"", ""入 들 입""]","물건 따위를 사들이다.
"
매진-되다,"[""賣 팔 매"", ""盡 다할 진""]","하나도 남지 아니하고 모두 다 팔려 동이 나다.
"
맥박,"[""脈 줄기 맥"", ""搏 칠 박""]","심장의 박동으로 심장에서 나오는 피가 얇은 피부에 분포되어 있는 동맥의 벽에 닿아서 생기는 주기적인 파동. 맥박의 빠르기나 강하고 약함 따위로 심장의 상태를 알 수 있다.
"
맹랑-하다,"[""孟 맏 맹"", ""浪 물결 랑""]","「1」생각하던 바와 달리 허망하다.
「2」하는 짓이 만만히 볼 수 없을 만큼 똘똘하고 깜찍하다.
「3」처리하기가 매우 어렵고 묘하다.
"
면박,"[""面 낯 면"", ""駁 논박할 박""]","면전에서 꾸짖거나 나무람.
"
면상,"[""面 낯 면"", ""上 윗 상""]","얼굴의 위. 또는 얼굴.
"
면세,"[""免 면할 면"", ""稅 세금 세""]","세금을 면제함.
"
면역-력,"[""免 면할 면"", ""疫 전염병 역"", ""力 힘 력""]","외부에서 들어온 병원균에 저항하는 힘.
"
명랑-하다,"[""明 밝을 명"", ""朗 밝을 랑""]","「1」흐린 데 없이 밝고 환하다.
「2」유쾌하고 활발하다.
"
명백-하다,"[""明 밝을 명"", ""白 흰 백""]","의심할 바 없이 아주 뚜렷하다.
"
명성,"[""名 이름 명"", ""聲 소리 성""]","세상에 널리 퍼져 평판 높은 이름.
"
명-승부,"[""名 이름 명"", ""勝 이길 승"", ""負 질 부""]","경기나 경쟁 등에서 이기고 지는 것이 멋지게 이루어지는 일.
"
명세-서,"[""明 밝을 명"", ""細 가늘 세"", ""書 글 서""]","물품이나 금액 따위의 내용을 분명하고 자세하게 적은 문서.
"
명시,"[""明 밝을 명"", ""示 보일 시""]","분명하게 드러내 보임.
"
명예^훼손,"[""名 이름 명"", ""譽 기릴 예"", ""毁 헐 훼"", ""損 덜 손""]","공공연하게 다른 사람의 사회적 평가를 떨어뜨리는 사실 또는 허위 사실을 지적하는 일.
"
명일,"[""明 밝을 명"", ""日 날 일""]","오늘의 바로 다음 날.
"
명장,"[""名 이름 명"", ""匠 장인 장""]","기술이 뛰어나 이름난 장인.
"
모성-애,"[""母 어미 모"", ""性 성품 성"", ""愛 사랑 애""]","자식에 대한 어머니의 본능적인 사랑.
"
모순-성,"[""矛 창 모"", ""盾 방패 순"", ""性 성품 성""]","서로 어긋나는 성질이나 상태.
"
모호-하다,"[""模 법 모"", ""糊 풀칠할 호""]","말이나 태도가 흐리터분하여 분명하지 않다.
"
목격-하다,"[""目 눈 목"", ""擊 부딪칠 격""]","눈으로 직접 보다.
"
목간,"[""木 나무 목"", ""竿 장대 간""]","물건을 받치거나 버티는 데 쓰는 굵고 긴 나무.
"
몰-상식,"[""沒 빠질 몰"", ""常 항상 상"", ""識 알 식""]","상식이 전혀 없음.
"
몰수-되다,"[""沒 빠질 몰"", ""收 거둘 수""]","「1」형법에서, 범죄 행위에 제공된 물건이나 범죄 행위의 결과로 얻어진 물건 따위가 국가에 강제로 빼앗겨지다. 징역이나 금고 따위의 형벌에 부가되는 재산형 형벌의 하나로 행해진다.
「2」국제법에서, 적국(敵國) 소유의 재산이 정당한 보상 없이 박탈되다.
「3」법이 금하는 물건이나 범죄로 얻게 된 물건이 관아로 모두 거두어들여지다.
"
몰-이해,"[""沒 빠질 몰"", ""理 다스릴 리"", ""解 풀 해""]","이해함이 전혀 없음.
"
몰인정-하다,"[""沒 빠질 몰"", ""人 사람 인"", ""情 뜻 정""]","인정이 전혀 없다.
"
몰지각-하다,"[""沒 빠질 몰"", ""知 알 지"", ""覺 깨달을 각""]","지각이 전혀 없다.
"
몽매-주의,"[""蒙 어두울 몽"", ""昧 새벽 매"", ""主 주인 주"", ""義 옳을 의""]","배우거나 깨치려는 생각을 아예 포기하려는 사고방식이나 태도.
"
묘기,"[""妙 묘할 묘"", ""技 재주 기""]","교묘한 기술과 재주.
"
무고-하다,"[""無 없을 무"", ""辜 허물고""]","아무런 잘못이나 허물이 없다.
"
미식-가,"[""美 아름다울 미"", ""食 먹을 식"", ""家 집 가""]","음식에 대하여 특별한 기호를 가진 사람. 또는 좋은 음식을 찾아 먹는 것을 즐기는 사람.
"
미풍,"[""微 작을 미"", ""風 바람 풍""]","약하게 부는 바람.
"
민속^문화유산,"[""民 백성 민"", ""俗 풍속 속"", ""文化 문화 화"", ""遺 끼칠 유"", ""産 낳을 산""]","생활상의 변화를 이해하는 데 꼭 필요한, 풍속이나 관습에 사용되는 의복, 기구, 가옥 따위의 문화유산.
"
박해-하다,"[""迫 닥칠 박"", ""害 해칠 해""]","못살게 굴어서 해롭게 하다.
"
방독-면,"[""防 막을 방"", ""毒 독 독"", ""面 낯 면""]","독가스, 세균, 방사성 물질 따위가 시각·청각·호흡 기관에 피해를 주지 못하도록 얼굴을 보호하는 기구. 유독 물질을 걸러 내고 숨을 쉴 수 있도록 되어 있다.
"
방방곡곡,"[""坊 동네 방"", ""曲 굽을 곡""]","한 군데도 빠짐이 없는 모든 곳.
"
방부-제,"[""防 막을 방"", ""腐 썩을 부"", ""劑 약 지을 제""]","미생물의 활동을 막아 물건이 썩지 않게 하는 약. 살리실산, 포르말린, 나프탈렌, 소금, 알코올 따위가 있다.
"
방사-능,"[""放 놓을 방"", ""射 쏠 사"", ""能 능할 능""]","라듐, 우라늄, 토륨 따위 원소의 원자핵이 붕괴하면서 방사선을 방출하는 일. 또는 그런 성질. 천연적으로 존재하는 것을 천연 방사능, 인공적으로 만들어진 것을 인공 방사능이라고 한다.
"
번뇌,"[""煩 괴로워할 번"", ""惱 괴로워할 뇌""]","「1」마음이 시달려서 괴로워함. 또는 그런 괴로움.
「2」마음이나 몸을 괴롭히는 노여움이나 욕망 따위의 망념(妄念).
"
법도,"[""法 법 법"", ""度 법도 도""]","「1」생활상의 예법과 제도(制度)를 아울러 이르는 말.
「2」법률과 제도를 아울러 이르는 말.
"
법정,"[""法 법 법"", ""廷 조정 정""]","법원이 소송 절차에 따라 송사를 심리하고 판결하는 곳.
"
벽간,"[""壁 벽 벽"", ""間 사이 간""]","벽의 기둥과 기둥 사이.
"
벽보,"[""壁 벽 벽"", ""報 알릴 보""]","벽이나 게시판에 붙여 널리 알리는 글.
"
벽-창호,"[""壁 벽 벽"", ""窓 창 창"", ""戶 지게 호""]","벽에 창문 모양을 내고 벽을 쳐서 막은 부분.
"
병약-하다,"[""病 병 병"", ""弱 약할 약""]","병으로 인하여 몸이 쇠약하다.
"
보강-하다,"[""補 기울 보"", ""强 굳셀 강""]","보태거나 채워서 본디보다 더 튼튼하게 하다.
"
보급-하다,"[""普 넓을 보"", ""及 미칠 급""]","널리 펴서 많은 사람들에게 골고루 미치게 하여 누리게 하다.
"
복상-사,"[""腹 배 복"", ""上 위 상"", ""死 죽을 사""]","성교 중에 동맥 경화증이나 심장 마비 따위로 여자의 배 위에서 죽음.
"
봉착-하다,"[""逢 만날 봉"", ""着 붙을 착""]","어떤 처지나 상태에 부닥치다.
"
부조-하다,"[""扶 도울 부"", ""助 도울 조""]","「1」잔칫집이나 상가(喪家) 따위에 돈이나 물건을 보내어 도와주다.
「2」남을 거들어서 도와주다.
"
부종,"[""浮 뜰 부"", ""腫 부을 종""]","몸이 붓는 증상. 심장병이나 콩팥병 또는 몸의 어느 한 부분의 혈액 순환 장애로 생긴다.
"
부흥-하다,"[""復 회복할 복"", ""興 일 흥""]","쇠퇴하였던 것이 다시 일어나다. 또는 그렇게 되게 하다.
"
분기,"[""分 나눌 분"", ""期 기약할 기""]","일 년을 4등분 한 3개월씩의 기간.
"
불가당-하다,"[""不 아닐 부"", ""可 옳을 가"", ""當 마땅 당""]","가히 당해 낼 수 없다.
"
불가사의-하다,"[""不可 생각할 수 없을 의""]","사람의 생각으로는 미루어 헤아릴 수 없이 이상하고 야릇하다.
"
불경-스럽다,"[""不 아닐 부"", ""敬 공경 경""]","경의를 표해야 할 자리에서 좀 무례한 데가 있다.
"
비방-하다,"[""誹 헐뜯을 비"", ""謗 헐뜯을 방""]","남을 비웃고 헐뜯어서 말하다.
"
비화,"[""飛 날 비"", ""花 꽃 화""]","바람에 흩날리며 떨어지는 꽃잎.
"
빈곤,"[""貧 가난할 빈"", ""困 곤궁할 곤""]","「1」가난하여 살기가 어려움.
「2」내용 따위가 충실하지 못하거나 모자라서 텅 빔.
"
사기,"[""史 역사 사"", ""記 기록할 기""]","역사적 사실을 기록한 책.
"
사기-그릇,"[""沙 모래 사"", ""器 그릇 기""]","고령토, 장석, 석영 따위의 가루를 빚어서 구워 만든, 희고 매끄러운 그릇. 또는 그 재료로 만든 물건.
"
사단^사령부,"[""師 군사 사"", ""團 둥글 단"", ""司 맡을 사"", ""令 하여금 령"", ""部 거느릴 부""]","사단을 지휘·통솔하는 구실을 하는 본부.
"
사-대부,"[""士 선비 사"", ""大 큰 대"", ""夫 지아비 부""]","「1」사(士)와 대부(大夫)를 아울러 이르는 말. 문무 양반(文武兩班)을 일반 평민층에 상대하여 이르는 말이다.
「2」벼슬이나 문벌이 높은 집안의 사람.
"
사대-주의,"[""事 일 사"", ""大 클 대"", ""主 주인 주"", ""義 옳을 의""]","주체성이 없이 세력이 강한 나라나 사람을 받들어 섬기는 태도.
"
사돈,"[""査 조사할 사"", ""頓 조아릴 돈""]","「1」남편의 부모와 아내의 부모 사이 또는 혼인한 두 집안의 같은 항렬이 되는 사람 사이에 서로 상대편을 이르는 말.
「2」혼인으로 맺어진 관계. 또는 혼인 관계로 척분(戚分)이 있는 사람.
"
사료-되다,"[""思 생각 사"", ""料 헤아릴 료""]","깊이 생각되어 헤아려지다.
"
사리-사욕,"[""私 사사로울 사"", ""利 날카로울 리"", ""私 사사로울 사"", ""慾 욕심 욕""]","사사로운 이익과 욕심.
"
사방-팔방,"[""四 넉 사"", ""方 모 방"", ""八 여덟 팔"", ""方 모 방""]","여기저기 모든 방향이나 방면.
"
사신,"[""使 하여금 사"", ""臣 신하 신""]","임금이나 국가의 명령을 받고 외국에 사절로 가는 신하.
"
사악-하다,"[""邪 간사할 사"", ""惡 악할 악""]","간사하고 악하다.
"
사업-하다,"[""事 일 사"", ""業 업 업""]","어떤 일을 일정한 목적과 계획을 가지고 짜임새 있게 지속적으로 경영하다.
"
사원,"[""寺 절 사"", ""院 집 원""]","「1」종교의 교당을 통틀어 이르는 말.
「2」승려가 불상을 모시고 불도(佛道)를 닦으며 교법을 펴는 집.
"
사유,"[""事 일 사"", ""由 말미암을 유""]","일의 까닭.
"
사절,"[""辭 말씀 사"", ""絕 끊을 절""]","사양하여 받지 아니함.
"
사정사정-하다,"[""事 일 사"", ""情 뜻 정""]","남에게 자신의 딱한 일의 형편이나 까닭을 간곡히 하소연하거나 빌다.
"
산란-하다,"[""産 낳을 산"", ""卵 알 란""]","알을 낳다.
"
산하,"[""傘 우산 산"", ""下 아래 하""]","어떤 조직체나 세력의 관할 아래.
"
상비-약,"[""常 항상 상"", ""備 갖출 비"", ""藥 약 약""]","병원이나 가정에 늘 준비해 두는 약품.
"
상사-병,"[""相 서로 상"", ""思 생각 사"", ""病 병 병""]","남자나 여자가 마음에 둔 사람을 몹시 그리워하는 데서 생기는 마음의 병.
"
상회,"[""常 항상 상"", ""會 모일 회""]","늘 일정한 때를 정하여 여는 모임.
"
서명-하다,"[""署 마을 서"", ""名 이름 명""]","자기의 이름을 써넣다.
"
선임-자,"[""先 먼저 선"", ""任 맡길 임"", ""者 놈 자""]","어떤 직무나 임무를 먼저 맡아 하던 사람.
"
선입-견,"[""先 먼저 선"", ""入 들 입"", ""見 볼 견""]","어떤 대상에 대하여 이미 마음속에 가지고 있는 고정적인 관념이나 관점.
"
선전^포고,"[""宣 베풀 선"", ""戰 싸움 전"", ""布 베 포"", ""告 고할 고""]","한 나라가 다른 나라에 대하여 전쟁을 시작한다는 것을 공식적으로 알리는 일.
"
설전,"[""舌 혀 설"", ""戰 싸움 전""]","말로 옳고 그름을 가리는 다툼.
"
섭외-하다,"[""涉 건널 섭"", ""外 바깥 외""]","「1」연락을 취하여 의논하다.
「2」어떤 법률 사항이 내외국(內外國)에 관계되고 연락이 되다.
"
성과-금,"[""成 이룰 성"", ""果 과실 과"", ""金 쇠 금""]","업무 성과에 따라 지급하는 상여금.
"
성대-모사,"[""聲 소리 성"", ""帶 띠 대"", ""模 본뜰 모"", ""寫 베낄 사""]","다른 사람의 목소리나 새, 짐승 따위의 소리를 흉내 내는 일을 비유적으로 이르는 말.
"
성명-하다,"[""聲 소리 성"", ""明 밝을 명""]","어떤 일에 대한 자기의 입장이나 견해 또는 방침 따위를 공개적으로 발표하다.
"
성묘,"[""省 살필 성"", ""墓 무덤 묘""]","조상의 산소를 찾아가서 돌봄. 또는 그런 일. 주로 설, 추석, 한식에 한다.
"
성미,"[""性 성품 성"", ""味 맛 미""]","성질, 마음씨, 비위, 버릇 따위를 통틀어 이르는 말.
"
성사-되다,"[""成 이룰 성"", ""事 일 사""]","일이 이루어지다.
"
세례-명,"[""洗 씻을 세"", ""禮 예도 례"", ""名 이름 명""]","세례 때에 붙는 이름. 성경에 나오는 인물이나 성인의 이름을 붙인다.
"
세습-하다,"[""世 인간 세"", ""襲 엄습할 습""]","한집안의 재산이나 신분, 직업 따위를 대대로 물려주고 물려받다.
"
세안-하다,"[""洗 씻을 세"", ""顔 얼굴 안""]","얼굴을 씻다.
"
소분-하다,"[""小 작을 소"", ""分 나눌 분""]","작게 나누다.
"
소송-하다,"[""訴 호소할 소"", ""訟 송사할 송""]","재판에 의하여 원고와 피고 사이의 권리나 의무 따위의 법률관계를 확정하여 줄 것을 법원에 요구하다. 민사, 형사, 행정, 선거 따위로 소송하는 일이 있다.
"
소신-껏,"[""所 바 소"", ""信 믿을 신""]","굳게 믿고 있는 바 또는 생각하는 바가 미치는 데까지.
"
소염,"[""消 사라질 소"", ""炎 불꽃 염""]","염증을 없앰.
"
소유-욕,"[""所有 가질 소"", ""欲 하고자 할 욕""]","자기 것으로 만들어 가지고 싶어 하는 욕망.
"
소음,"[""騷 떠들 소"", ""音 소리 음""]","불규칙하게 뒤섞여 불쾌하고 시끄러운 소리.
"
소작-농,"[""小 작을 소"", ""作 지을 작"", ""農 농사 농""]","일정한 소작료를 지급하며 다른 사람의 농지를 빌려 짓는 농사. 또는 그런 농민.
"
소장-품,"[""所 바 소"", ""藏 감출 장"", ""品 물건 품""]","자기의 것으로 지니어 간직하고 있는 물품.
"
소진-되다,"[""消 사라질 소"", ""盡 다할 진""]","점점 줄어들어 다 없어지다.
"
송어,"[""松 소나무 송"", ""魚 물고기 어""]","연어과의 바닷물고기. 몸의 길이는 60cm 정도이며, 등은 짙은 푸른색, 배는 은백색이다. 옆구리에 검은 밤색의 작은 점이 많고 눈알에 검은 반점이 흩어져 있다. 여름철 산란기에 강으로 올라와 알을 낳는데 한국, 일본 등지에 분포한다.
"
송연-하다,"[""悚 두려워할 송"", ""然 그러할 연""]","두려워 몸을 옹송그릴 정도로 오싹 소름이 끼치는 듯하다.
"
쇠강-하다,"[""衰 쇠할 쇠"", ""降 내릴 강""]","국력이나 문화, 도덕 또는 사람의 체질 따위가 점점 쇠하여지다.
"
수감-되다,"[""收 거둘 수"", ""監 볼 감""]","사람이 구치소나 교도소에 수용되다.
"
수배-하다,"[""手 손 수"", ""配 나눌 배""]","「1」어떤 일을 갈라 맡아서 하게 하다.
「2」범인을 잡으려고 수사망을 펴다.
"
수사^기관,"[""搜 찾을 수"", ""査 조사할 사"", ""機 틀 기"", ""關 관계할 관""]","범죄를 수사할 권한을 가진 국가 기관. 검찰, 사법 경찰 따위가 있다.
"
수혈-하다,"[""輸 보낼 수"", ""血 피 혈""]","빈혈이나 그 밖의 치료를 위하여, 건강한 사람의 혈액을 환자의 혈관 내에 주입하다. 외상(外傷) 또는 수술로 인한 실혈(失血)·위장 출혈·쇠약(衰弱)과 그 밖에 전염성 질환 따위의 경우에 하는데, 혈액형이 적합해야 한다.
"
순경,"[""巡 돌 순"", ""警 경계할 경""]","「1」여러 곳을 돌아다니며 사정을 살핌.
「2」경찰 공무원 계급의 하나. 경장의 아래이다.
"
순교-하다,"[""殉 따라 죽을 순"", ""敎 가르칠 교""]","모든 압박과 박해를 물리치고 자기가 믿는 신앙을 지키기 위하여 목숨을 바치다. 넓은 뜻으로는 주의나 사상을 위하여 죽는 일에도 쓴다.
"
순국-하다,"[""殉 따라 죽을 순"", ""國 나라 국""]","나라를 위하여 목숨을 바치다.
"
순방-하다,"[""巡 돌 순"", ""訪 찾을 방""]","나라나 도시 따위를 차례로 돌아가며 방문하다.
"
승승장구-하다,"[""乘 탈 승"", ""勝 이길 승"", ""長 길 장"", ""驅 말 몰 구""]","싸움에 이긴 형세를 타고 계속 몰아치다.
"
승진-하다,"[""昇 오를 승"", ""進 나아갈 진""]","직위의 등급이나 계급이 오르다.
"
시범,"[""示 보일 시"", ""範 법 범""]","모범을 보임.
"
시사-하다,"[""示 보일 시"", ""唆 부추길 사""]","어떤 것을 미리 간접적으로 표현해 주다.
"
시사-회,"[""試 시험할 시"", ""寫 베낄 사"", ""會 모일 회""]","영화나 광고 따위를 일반에게 공개하기 전에 시험적으로 상영하기 위하여 이루어지는 모임.
"
시상-하다,"[""施 베풀 시"", ""賞 상줄 상""]","상장이나 상품, 상금 따위를 주다.
"
신기-누설,"[""神 귀신 신"", ""機 틀 기"", ""漏 샐 루"", ""泄 샐 설""]","신묘한 계기(契機)나 기략(機略)을 누설함.
"
신령-스럽다,"[""神 귀신 신"", ""靈 신령 령""]","보기에 신기하고 영묘한 데가 있다.
"
신묘-하다,"[""神 귀신 신"", ""妙 묘할 묘""]","신통하고 묘하다.
"
신설-되다,"[""新 새 신"", ""設 베풀 설""]","새로 설치되거나 설비되다.
"
신-소재,"[""新 새 신"", ""素 바탕 소"", ""材 재목 재""]","종래의 재료에는 없는 뛰어난 특성을 지닌 소재를 통틀어 이르는 말.
"
신식,"[""新 새 신"", ""式 법 식""]","새로운 방식이나 형식.
"
실격,"[""失 잃을 실"", ""格 격식 격""]","「1」격식에 맞지 아니함.
「2」기준 미달이나 기준 초과, 규칙 위반 따위로 자격을 잃음.
"
실록,"[""實 열매 실"", ""錄 기록할 록""]","「1」사실을 있는 그대로 적은 기록.
「2」한 임금이 재위한 동안의 정령(政令)과 그 밖의 모든 사실을 적은 기록. 임금이 승하한 뒤, 실록청을 두고 시정기(時政記)를 거두어 연대순으로 정리한 것이다.
「3」사실에 공상을 섞어서 그럴듯하게 꾸민 이야기나 소설.
"
실무,"[""實 열매 실"", ""務 일 무""]","실제의 업무나 사무.
"
실소,"[""失 잃을 실"", ""笑 웃음 소""]","어처구니가 없어 저도 모르게 웃음이 툭 터져 나옴. 또는 그 웃음.
"
실신-하다,"[""失 잃을 실"", ""神 정신 신""]","병이나 충격 따위로 정신을 잃다.
"
실언-하다,"[""失 잃을 실"", ""言 말씀 언""]","실수로 잘못 말하다.
"
심층-적,"[""深 깊을 심"", ""層 층 층""]","[Ⅰ]깊숙한 부분까지 자세하게 파고드는 것.
[Ⅱ]깊숙한 부분까지 자세하게 파고드는.
"
아담-하다,"[""雅 맑을 아"", ""淡 맑을 담""]","「1」고상하면서 담백하다.
「2」적당히 자그마하다.
"
악착같-이,"[""齷 깨물 악"", ""齪 깨물 착""]","매우 모질고 끈덕지게.
"
악평,"[""惡 악할 악"", ""評 평할 평""]","나쁘게 평함. 또는 그런 평판이나 평가.
"
안건,"[""案 책상 안"", ""件 사건 건""]","토의하거나 조사하여야 할 사실.
"
압권,"[""壓 누를 압"", ""卷 책 권""]","「1」여러 책이나 작품 가운데 제일 잘된 책이나 작품. 고대 중국의 관리 등용 시험에서 가장 뛰어난 답안지를 다른 답안지 위에 얹어 놓았다는 데서 유래한다.
「2」하나의 책이나 작품 가운데 가장 잘된 부분.
「3」여럿 가운데 가장 뛰어난 것.
"
압도-되다,"[""壓 누를 압"", ""倒 넘어질 도""]","「1」눌려서 넘어지다.
「2」보다 뛰어난 힘이나 재주에 눌려 꼼짝 못 하게 되다.
"
앙심,"[""怏 원망할 앙"", ""心 마음 심""]","원한을 품고 앙갚음하려고 벼르는 마음.
"
애석-하다,"[""哀 슬플 애"", ""惜 아낄 석""]","슬프고 아깝다.
"
야산,"[""野 들 야"", ""山 뫼 산""]","들 가까이의 나지막한 산.
"
야생-화,"[""野 들 야"", ""生 날 생"", ""花 꽃 화""]","들에 피는 꽃.
"
야속-하다,"[""野 들 야"", ""俗 풍속 속""]","무정한 행동이나 그런 행동을 한 사람이 섭섭하게 여겨져 언짢다.
"
야영-하다,"[""野 들 야"", ""營 경영할 영""]","「1」군대가 일정한 지역에 임시로 주둔하면서 필요한 시설들을 갖추어 놓고 생활하다.
「2」휴양이나 훈련을 목적으로 야외에 천막을 쳐 놓고 생활하다.
"
양가,"[""兩 두 양"", ""家 집 가""]","양편의 집.
"
양가-감정,"[""兩 두 양"", ""價 값 가"", ""感 느낄 감"", ""情 뜻 정""]","논리적으로 서로 어긋나는 표상의 결합에서 오는 혼란스러운 감정. 어떤 대상, 사람, 생각 따위에 대하여 동시에 대조적인 감정을 지니거나, 감정이 이랬다저랬다 하는 따위이다.
"
어눌-하다,"[""語 말씀 어"", ""訥 말 더듬거릴 눌""]","말을 유창하게 하지 못하고 떠듬떠듬하는 면이 있다.
"
어불성설,"[""語 말씀 어"", ""不 아닐 불"", ""成 이룰 성"", ""說 말씀 설""]","말이 조금도 사리에 맞지 아니함.
"
엄금-하다,"[""嚴 엄할 엄"", ""禁 금할 금""]","엄하게 금지하다.
"
여담,"[""餘 남을 여"", ""談 말씀 담""]","이야기하는 과정에서 본 줄거리와 관계없이 흥미로 하는 딴 이야기.
"
여독,"[""旅 나그네 려"", ""毒 독 독""]","여행으로 말미암아 생긴 피로나 병.
"
연고,"[""緣 인연 연"", ""故 연고 고""]","「1」일의 까닭.
「2」혈통, 정분, 법률 따위로 맺어진 관계.
「3」사람들 사이에 맺어지는 관계.
"
연소,"[""延 끌 연"", ""燒 불사를 소""]","한 곳에서 일어난 불이 이웃으로 번져서 탐.
"
연수,"[""練 익힐 련"", ""修 닦을 수""]","인격, 기술, 학문 따위를 닦아서 단련함.
"
연체-되다,"[""延 끌 연"", ""滯 막힐 체""]","「1」정한 기한에 약속이 지켜지지 못하고 지체되다.
「2」기한 안에 이행되어야 할 채무나 납세 따위가 지체되다.
"
연출-하다,"[""演 펼 연"", ""出 날 출""]","「1」연극이나 방송극 따위에서, 각본을 바탕으로 배우의 연기, 무대 장치, 의상, 조명, 분장 따위의 여러 부분을 종합적으로 지도하여 작품을 완성하다.
「2」규모가 큰 식(式)이나 집회 따위를 총지휘하여 효과적으로 진행하다.
「3」어떤 상황이나 상태를 만들어 내다.
"
연패-하다,"[""連 잇닿을 연"", ""敗 패할 패""]","싸움이나 경기에서 계속하여 지다.
"
연패-하다,"[""連 잇닿을 연"", ""霸 으뜸 패""]","운동 경기 따위에서 연달아 우승하다.
"
연합-군,"[""聯 연이을 련"", ""合 합할 합"", ""軍 군사 군""]","「1」전쟁에서 둘 혹은 둘 이상의 국가가 연합하여 구성한 군대.
「2」연합국의 군대.
"
연행-되다,"[""連 잇닿을 연"", ""行 다닐 행""]","「1」이끌려 가다.
「2」강제로 이끌려 가다. 특히 경찰관에게 피의자가 체포되어 경찰서로 이끌려 가는 일을 이른다.
"
열렬-히,"[""熱 더울 열"", ""烈 세찰 렬""]","어떤 것에 대한 애정이나 태도가 매우 맹렬하게.
"
예찬-하다,"[""禮 예도 례"", ""讚 기릴 찬""]","「1」무엇이 훌륭하거나 좋거나 아름답다고 찬양하다.
「2」삼보(三寶)를 예배하고 그 공덕을 찬탄하다.
"
예행-하다,"[""豫 미리 예"", ""行 다닐 행""]","연습으로 미리 행하다.
"
오도-하다,"[""誤 그르칠 오"", ""導 인도할 도""]","그릇된 길로 이끌다.
"
오리무중,"[""五 다섯 오"", ""里 마을 리"", ""霧 안개 무"", ""中 가운데 중""]","오 리나 되는 짙은 안개 속에 있다는 뜻으로, 무슨 일에 대하여 방향이나 갈피를 잡을 수 없음을 이르는 말. ≪후한서≫의 <장해전(張楷傳)>에 나오는 말이다.
"
와해-되다,"[""瓦 기와 와"", ""解 풀 해""]","조직이나 계획 따위가 산산이 무너지고 흩어지게 되다. 기와가 깨진다는 뜻에서 나온 말이다.
"
완결-되다,"[""完 완전할 완"", ""結 맺을 결""]","완전하게 끝이 맺어지다.
"
완공-되다,"[""完 완전할 완"", ""工 장인 공""]","공사가 완성되다.
"
완납-하다,"[""完 완전할 완"", ""納 바칠 납""]","남김없이 완전히 납부하다.
"
외교^기관,"[""外 바깥 외"", ""交 사귈 교"", ""機 틀 기"", ""關 관계할 관""]","국가의 외교 임무를 맡은 기관.
"
외주,"[""外 바깥 외"", ""注 부을 주""]","자기 회사에서 만들 수 없는 제품이나 부품 따위를 다른 회사에 맡겨 만들게 함. 또는 그런 일.
"
요망,"[""妖 요망할 요"", ""妄 망령될 망""]","「1」간사하고 영악함.
「2」언행이 방정맞고 경솔함.
"
요새,"[""要 구할 요"", ""塞 막힐 색""]","「1」군사적으로 중요한 곳에 튼튼하게 만들어 놓은 방어 시설. 또는 그런 시설을 한 곳.
「2」차지하거나 달하기 어렵게 되어 있는 대상이나 목표.
"
요양,"[""療 병 고칠 료"", ""養 기를 양""]","휴양하면서 조리하여 병을 치료함.
"
우발-적,"[""偶 짝 우"", ""發 필 발"", ""的 과녁 적""]","[Ⅰ]어떤 일이 예기치 아니하게 우연히 일어나는 것.
[Ⅱ]어떤 일이 예기치 아니하게 우연히 일어나는.
"
우방,"[""友 벗 우"", ""邦 나라 방""]","서로 우호적인 관계를 맺고 있는 나라.
"
원근-감,"[""遠 멀 원"", ""近 가까울 근"", ""感 느낄 감""]","멀고 가까운 거리에 대한 느낌. 미술에서는 색채, 명암, 선 따위를 이용하여 원경, 중경, 근경의 느낌을 나타낸다.
"
원동-력,"[""原 언덕 원"", ""動 움직일 동"", ""力 힘 력""]","「1」어떤 움직임의 근본이 되는 힘.
「2」물체나 기계의 운동을 일으키는 근원적인 힘. 열, 수력, 풍력, 화력 따위가 있다.
"
원리-금,"[""元 으뜸 원"", ""利 이로울 리"", ""金 쇠 금""]","원금과 이자를 합친 돈.
"
원목,"[""原 언덕 원"", ""木 나무 목""]","베어 낸 그대로 아직 가공하지 아니한 나무.
"
월남-하다,"[""越 넘을 월"", ""南 남녘 남""]","「1」어떤 경계선을 지나 남쪽으로 넘다.
「2」북쪽에서 삼팔선이나 휴전선의 남쪽으로 넘어오다.
"
위법-하다,"[""違 어길 위"", ""法 법 법""]","법률이나 명령 따위를 어기다.
"
위신,"[""威 위엄 위"", ""信 믿을 신""]","위엄과 신망을 아울러 이르는 말.
"
유색^인종,"[""有 있을 유"", ""色 빛 색"", ""人 사람 인"", ""種 씨 종""]","황색, 동색, 흑색 따위의 유색 피부를 가진 모든 인종. 백색 인종을 제외한 모든 인종을 이르는 말이다.
"
유세-하다,"[""遊 놀 유"", ""說 말씀 설""]","자기 의견 또는 자기 소속 정당의 주장을 선전하며 돌아다니다.
"
유해^가스,"[""有 있을 유"", ""害 해로울 해""]","뚜렷한 독성은 없으나 농도에 따라서 위험이 따르는 가스. 이산화 탄소나 메탄 따위가 있다.
"
윤택-하다,"[""潤 불을 윤"", ""澤 못 택""]","「1」광택에 윤기가 있다.
「2」살림이 풍부하다.
"
윤허-하다,"[""允 허락할 윤"", ""許 허락할 허""]","임금이 신하의 청을 허락하다.
"
융기-하다,"[""隆 높을 륭"", ""起 일어날 기""]","「1」높게 일어나 들뜨다.
「2」땅이 기준면에 대하여 상대적으로 높아지다.
"
융통-하다,"[""融 녹을 융"", ""通 통할 통""]","「1」금전, 물품 따위를 돌려쓰다.
「2」그때그때의 사정과 형편을 보아 일을 처리하다.
「3」전력 계통에서 전력을 서로 돌려쓰다.
"
융해-되다,"[""融 녹을 융"", ""解 풀 해""]","「1」녹아 풀어지다.
「2」고체에 열을 가했을 때 액체로 되다.
"
은닉-하다,"[""隱 숨길 은"", ""匿 숨길 닉""]","「1」남의 물건이나 범죄인을 감추다.
「2」물건의 효용을 잃게 하다.
"
은둔-하다,"[""隱 숨길 은"", ""遁 숨을 둔""]","세상일을 피하여 숨다.
"
은밀-하다,"[""隱 숨길 은"", ""密 빽빽할 밀""]","숨어 있어서 겉으로 드러나지 아니하다.
"
은신-처,"[""隱 숨길 은"", ""身 몸 신"", ""處 곳 처""]","몸을 숨기는 곳.
"
은폐-하다,"[""隱 숨길 은"", ""蔽 덮을 폐""]","「1」덮어 감추거나 가리어 숨기다.
「2」적에게 관측되지 아니하도록 주변의 지형지물을 이용하여 인원이나 장비, 시설 따위를 숨기다.
"
음복-하다,"[""飮 마실 음"", ""福 복 복""]","제사를 지내고 난 뒤 제사에 쓴 음식을 나누어 먹다.
"
음영,"[""陰 그늘 음"", ""影 그림자 영""]","「1」어두운 부분.
「2」색조나 느낌 따위의 미묘한 차이에 의하여 드러나는 깊이와 정취.
"
음울-하다,"[""陰 그늘 음"", ""鬱 답답할 울""]","기분이나 분위기 따위가 음침하고 우울하다.
"
음흉-하다,"[""陰 그늘 음"", ""凶 흉할 흉""]","겉으로는 부드러워 보이나 속으로는 엉큼하고 흉악하다.
"
응낙-하다,"[""應 응할 응"", ""諾 대답할 낙""]","상대편의 요청에 응하여 승낙하다. 또는 상대편의 말을 들어주다.
"
일상-화,"[""日 날 일"", ""常 항상 상"", ""化 될 화""]","날마다 늘 있는 일이 됨. 또는 그렇게 만듦.
"
일생-일대,"[""一 한 일"", ""生 날 생"", ""一 한 일"", ""代 대신할 대""]","한 사람이 나서 죽을 때까지의 동안.
"
일-주년,"[""一 한 일"", ""周 두루 주"", ""年 해 년""]","첫 돌. 또는 꼭 한 해가 되는 날.
"
일체-화,"[""一 한 일"", ""體 몸 체"" 化 될 화]","떨어지지 아니하는 한 몸이나 한 덩어리로 됨. 또는 그렇게 만듦.
"
일축-하다,"[""一 한 일"", ""蹴 찰 축""]","[1]「1」제안이나 부탁 따위를 단번에 거절하거나 물리치다.
[1]「2」소문이나 의혹, 주장 따위를 단호하게 부인하거나 더 이상 거론하지 않다.
[2]운동 경기 따위에서 상대를 손쉽게 물리치다.
"
일취-월장,"[""日 날 일"", ""就 나아갈 취"", ""月 달 월"", ""將 장수 장""]","나날이 다달이 자라거나 발전함.
"
일편-단심,"[""一 한 일"", ""片 조각 편"", ""丹 붉을 단"", ""心 마음 심""]","한 조각의 붉은 마음이라는 뜻으로, 진심에서 우러나오는 변치 아니하는 마음을 이르는 말.
"
일품-요리,"[""一 한 일"", ""品 물건 품"", ""料 헤아릴 료"", ""理 다스릴 리""]","「1」각각의 요리마다 값을 매겨 놓고 손님의 주문에 따라 내는 요리.
「2」가장 맛이 뛰어난 요리.
「3」주식과 부식 따위의 한 끼 음식을 그릇에 담아 간편하게 먹을 수 있는 요리.
"
일화,"[""逸 편안할 일"", ""話 말씀 화""]","세상에 널리 알려지지 아니한 흥미 있는 이야기.
"
일희일비-하다,"[""一 한 일"", ""喜 기쁠 희"", ""一 한 일"", ""悲 슬플 비""]","[Ⅰ]한편으로는 기뻐하고 한편으로는 슬퍼하다. 또는 기쁨과 슬픔이 번갈아 일어나다.
[Ⅱ]한편으로는 기쁘고 한편으로는 슬프다.
"
임계-점,"[""臨 임할 림"", ""界 지경 계"", ""點 점 점""]","물질의 구조와 성질이 다른 상태로 바뀔 때의 온도와 압력. 평형 상태의 두 물질이 하나의 상(相)을 이룰 때나 두 액체가 완전히 일체화할 때의 온도와 압력을 이른다.
"
임기-응변,"[""臨 임할 림"", ""機 틀 기"", ""應 응할 응"", ""變 변할 변""]","그때그때 처한 사태에 맞추어 즉각 그 자리에서 결정하거나 처리함.
"
임상,"[""臨 임할 림"", ""牀 평상상""]","「1」환자를 진료하거나 의학을 연구하기 위하여 병상에 임하는 일.
「2」환자의 치료를 목적으로 하는 의학. 내과, 외과, 소아과, 산부인과 따위의 진료 과목이 있다.
"
임야,"[""林 수풀 림"", ""野 들 야""]","숲과 들을 아울러 이르는 말.
"
입주-하다,"[""入 들 입"", ""住 살 주""]","「1」새집에 들어가 살다.
「2」새로 개간한 땅이나 수복(收復)한 땅에 들어가 살다.
"
입회,"[""入 들 입"", ""會 모일회""]","어떤 모임에 들어가 회원이 됨.
"
잉여,"[""剩 남을 잉"", ""餘 남을 여""]","「1」쓰고 난 후 남은 것.
「2」‘나머지「4」’의 전 용어.
"
잉태-하다,"[""孕 아이 밸 잉"", ""胎 아이 밸 태""]","「1」아이나 새끼를 배다.
「2」어떤 사실이나 현상을 내부에서 생기고 자라나게 하다.
"
자각-하다,"[""自 스스로 자"", ""覺 깨달을 각""]","「1」현실을 판단하여 자기의 입장이나 능력 따위를 스스로 깨닫다.
「2」스스로 깨달아 각(覺)을 증득(證得)하다. 부처의 깨달음을 얻는 일을 이른다.
「3」자기가 품은 지식 내용의 진실성이나 자기가 진실한 것으로 생각한 언행에 대하여 그것이 참으로 진리성과 성실성이 있는가에 대하여 자기를 반성하다.
"
자간,"[""字 글자 자"", ""間 사이 간""]","쓰거나 인쇄한 글자와 글자 사이.
"
자격지심,"[""自 스스로 자"", ""激 부딪칠 격"", ""之 갈 지"", ""心 마음 심""]","자기가 한 일에 대하여 스스로 미흡하게 여기는 마음.
"
자괴-감,"[""自 스스로 자"", ""愧 부끄러워할 괴"", ""感 느낄 감""]","스스로 부끄러워하는 마음.
"
자금,"[""資 재물 자"", ""金 쇠 금""]","「1」사업을 경영하는 데에 쓰는 돈.
「2」특정한 목적에 쓰는 돈.
「3」회계상 기업에 투입된 경제 가치를 통틀어 이르는 말. 현금, 외상값, 상품, 건물 따위이다.
"
자생-력,"[""自 스스로 자"", ""生 날 생"", ""力 힘 력""]","스스로 살길을 찾아 살아 나가는 능력이나 힘.
"
자선-가,"[""慈 사랑 자"", ""善 착할 선"", ""家 집 가""]","남에게 은혜를 베풀어 도와주는 사람.
"
자술-서,"[""自 스스로 자"", ""述 펼 술"", ""書 글 서""]","어떤 사건에 관하여 피의자나 참고인이 자신이 행하거나 겪은 것을 진술한 글.
"
자아-도취,"[""自 스스로 자"", ""我 나 아"", ""陶 질그릇 도"", ""醉 취할 취""]","스스로에게 황홀하게 빠지는 일.
"
자애,"[""慈 사랑 자"", ""愛 사랑 애""]","아랫사람에게 베푸는 도타운 사랑.
"
잠재-하다,"[""潛 잠길 잠"", ""在 있을 재""]","겉으로 드러나지 않고 속에 잠겨 있거나 숨어 있다.
"
잠적-하다,"[""潛 잠길 잠"", ""跡 자취 적""]","종적을 아주 숨기다.
"
잡화-점,"[""雜 섞일 잡"", ""貨 재화 화"", ""店 가게 점""]","잡다한 일용품을 파는 상점.
"
적발-하다,"[""摘 딸 적"", ""發 필 발""]","숨겨져 있는 일이나 드러나지 아니한 것을 들추어내다.
"
전락-하다,"[""轉 구를 전"", ""落 떨어질 락""]","「1」아래로 굴러떨어지다.
「2」나쁜 상태나 타락한 상태에 빠지다.
"
절식-하다,"[""節 마디 절"", ""食 밥 식""]","음식을 절제하여 먹거나 간소하게 먹다.
"
제명-되다,"[""除 덜 제"", ""名 이름 명""]","구성원 명단에서 이름이 빠져 구성원 자격이 박탈되다.
"
제빙-기,"[""製 지을 제"", ""氷 얼음 빙"", ""機 틀 기""]","얼음을 만드는 기계.
"
조달-하다,"[""調 고를 조"", ""達 통달할 달""]","자금이나 물자 따위를 대어 주다.
"
조력-자,"[""助 도울 조"", ""力 힘 력"", ""者 놈 자""]","도와주는 사람.
"
조문-하다,"[""弔 조상할 조"", ""問 물을 문""]","남의 죽음에 대하여 슬퍼하는 뜻을 드러내어 상주(喪主)를 위문하다.
"
조물-주,"[""造 지을 조"", ""物 물건 물"", ""主 주인 주""]","우주의 만물을 만들고 다스리는 신.
"
조부,"[""祖 할아비 조"", ""父 아비 부""]","「1」부모의 아버지를 이르는 말.
「2」부모의 아버지와 한 항렬에 있는 남자를 통틀어 이르는 말.
"
조삼모사,"[""朝 아침 조"", ""三 석 삼"", ""暮 저물 모"", ""四 넉 사""]","간사한 꾀로 남을 속여 희롱함을 이르는 말. 중국 송나라의 저공(狙公)의 고사로, 먹이를 아침에 세 개, 저녁에 네 개씩 주겠다는 말에는 원숭이들이 적다고 화를 내더니 아침에 네 개, 저녁에 세 개씩 주겠다는 말에는 좋아하였다는 데서 유래한다.
"
조정-하다,"[""調 고를 조"", ""整 가지런할 정""]","「1」어떤 기준이나 실정에 맞게 정돈하다.
「2」날 따위를 만들 때 잔손질로 매만지다.
"
조제-하다,"[""調 고를 조"", ""製 지을 제""]","「1」물건을 주문에 따라서 만들다.
「2」조절하여 만들다.
"
존치-되다,"[""存 있을 존"", ""置 둘 치""]","제도나 설비 따위가 없어지지 아니하고 그대로 두어지다.
"
좌우-되다,"[""左 왼 좌"", ""右 오른 우""]","어떤 일에 영향이 주어져 지배되다.
"
좌지우지-하다,"[""左 왼쪽 좌"", ""之 갈 지"", ""右 오른쪽 우"", ""之 갈 지""]","이리저리 제 마음대로 휘두르거나 다루다.
"
주야-장천,"[""晝 낮 주"", ""夜 밤 야"", ""長 길 장"", ""川 내 천""]","밤낮으로 쉬지 아니하고 연달아.
"
주임,"[""主 주인 주"", ""任 맡길 임""]","직장, 단체 따위에서 어떤 일을 주로 담당함. 또는 그런 사람.
"
증량-하다,"[""增 더할 증"", ""量 수량 량""]","수량이나 무게가 늘다. 또는 수량이나 무게를 늘리다.
"
증류-주,"[""蒸 찔 증"", ""溜 물방울 류"", ""酒 술 주""]","일단 만든 술을 다시 증류하여 알코올 성분을 많이 함유하게 한 술. 소주나 위스키 따위가 있다.
"
증설-하다,"[""增 더할 증"", ""設 베풀 설""]","더 늘려 설치하다.
"
지고지순-하다,"[""至 지극할 지"", ""高 높을 고"", ""至 지극할 지"", ""純 순수할 순""]","더할 수 없이 높고 순수하다.
"
지대-하다,"[""至 지극할 지"", ""大 큰 대""]","더할 수 없이 크다.
"
지방^선거,"[""地 땅 지"", ""方 모 방"", ""選 가릴 선"", ""擧 들 거""]","지방 자치법에 따라 지방 의회 의원 및 지방 자치 단체장을 선출하는 선거.
"
지분,"[""持 가질 지"", ""分 나눌 분""]","공유물이나 공유 재산 따위에서, 공유자 각자가 소유하는 몫. 또는 그런 비율.
"
지양-하다,"[""止 그칠 지"", ""揚 날릴 양""]","「1」더 높은 단계로 오르기 위하여 어떠한 것을 하지 아니하다.
「2」변증법의 중요한 개념으로, 어떤 것을 그 자체로는 부정하면서 오히려 한층 더 높은 단계에서 이것을 긍정하다. 모순 대립 하는 일을 고차적으로 통일하여 해결하면서 현재의 상태보다 더욱 진보하는 일이다.
"
지척,"[""咫 길이 지"", ""尺 자 척""]","아주 가까운 거리.
"
지체-되다,"[""遲 더딜 지"", ""滯 막힐 체""]","때가 늦추어지거나 질질 끌어지다.
"
직관-하다,"[""直 곧을 직"", ""觀 볼 관""]","「1」감관의 작용으로 직접 외계의 사물에 관한 구체적인 지식을 얻다.
「2」감각, 경험, 연상, 판단, 추리 따위의 사유 작용을 거치지 아니하고 대상을 직접적으로 파악하다.
"
직권,"[""職 벼슬 직"", ""權 권세 권""]","직무상의 권한. 공무원이나 법인 따위의 기관이 그 지위나 자격으로 행할 수 있는 사무나 그런 사무의 범위를 이른다.
"
진상,"[""陳 늘어놓을 진"", ""狀 형상 상""]","일의 사정이나 상황을 말함.
"
질주-하다,"[""疾 병 질"", ""走 달릴 주""]","빨리 달리다.
"
질책-하다,"[""叱 꾸짖을 질"", ""責 꾸짖을 책""]","꾸짖어 나무라다.
"
집권-하다,"[""集 모을 집"", ""權 권세 권""]","권력을 한군데로 모으다.
"
집요-하다,"[""執 잡을 집"", ""拗 꺾일 요""]","몹시 고집스럽고 끈질기다.
"
집적-하다,"[""集 모을 집"", ""積 쌓을 적""]","모아서 쌓다.
"
징계-하다,"[""懲 징계할 징"", ""戒 경계할 계""]","「1」허물이나 잘못을 뉘우치도록 나무라며 경계하다.
「2」부정이나 부당한 행위에 대하여 제재를 가하다.
「3」공무원의 복무 의무 위반 행위에 대하여 국가나 공공 단체가 사용자로서의 지위에서 제재를 가하다.
"
창해-상전,"[""滄 큰바다 창"", ""海 바다 해"", ""桑 뽕나무 상"", ""田 밭 전""]","뽕나무밭이 변하여 푸른 바다가 된다는 뜻으로, 세상일의 변천이 심함을 비유적으로 이르는 말.
"
채결-하다,"[""採 캘 채"", ""決 결단할 결""]","의장이 의안(議案)의 채택 가부를 물어 결정하다.
"
채무,"[""債 빚 채"", ""務 힘쓸 무""]","재산권의 하나. 특정인이 다른 특정인에게 어떤 행위를 하여야 할 의무를 이른다.
"
채석-하다,"[""採 캘 채"", ""石 돌 석""]","「1」돌산이나 바위에서 석재(石材)로 쓸 돌을 캐거나 떠 내다.
「2」취미로 돌을 채집하다.
"
채용-하다,"[""採 캘 채"", ""用 쓸 용""]","「1」사람을 골라서 쓰다.
「2」어떤 의견, 방안 등을 고르거나 받아들여서 쓰다.
"
처분-하다,"[""處 곳 처"", ""分 나눌 분""]","「1」처리하여 치우다.
「2」일정한 대상을 어떻게 처리할 것인가에 대하여 지시하거나 결정하다.
「3」행정·사법 관청이 특별한 사건에 대하여 해당 법규를 적용하다.
「4」행정 주체가 구체적 사실에 관한 법 집행으로서 공법 행위 가운데 권력적 단독 행위를 행하다. 영업 면허, 공기업의 특허, 조세의 부과 따위를 하는 일이다.
"
처연-하다,"[""凄 쓸쓸할 처"", ""然 그럴 연""]","기운이 차고 쓸쓸하다.
"
천인공노-하다,"[""天 하늘 천"", ""人 사람 인"", ""共 함께 공"", ""怒 성낼 노""]","누구나 분노할 만큼 증오스럽거나 도저히 용납할 수 없다. 하늘과 사람이 함께 노한다는 뜻에서 나온 말이다.
"
천진난만-하다,"[""天 하늘 천"", ""眞 참 진"", ""爛 찬란할 란"", ""漫 질펀할 만""]","말이나 행동에 아무런 꾸밈이 없이 그대로 나타날 만큼 순진하고 천진하다.
"
천체,"[""天 하늘 천"", ""體 몸 체""]","우주에 존재하는 모든 물체. 항성, 행성, 위성, 혜성, 성단, 성운, 성간 물질, 인공위성 따위를 통틀어 이르는 말이다.
"
철두-철미,"[""徹 통할 철"", ""頭 머리 두"", ""徹 통할 철"", ""尾 꼬리 미""]","처음부터 끝까지 철저하게.
"
철통-같다,"[""鐵 쇠 철"", ""桶 통 통""]","준비나 대책이 튼튼하고 치밀하여 조금도 허점이 없다.
"
첨산-하다,"[""添 더할 첨"", ""算 셈 산""]","이미 정한 것 외에 더 넣어서 계산하다.
"
첨예-하다,"[""尖 뾰족할 첨"", ""銳 날카로울 예""]","「1」날카롭고 뾰족하다.
「2」상황이나 사태 따위가 날카롭고 격하다.
"
청렴결백-하다,"[""淸 맑을 청"", ""廉 청렴할 렴"", ""潔 깨끗할 결"", ""白 흰 백""]","마음이 맑고 깨끗하며 탐욕이 없다.
"
청빈-하다,"[""淸 맑을 청"", ""貧 가난할 빈""]","성품이 깨끗하고 재물에 대한 욕심이 없어 가난하다.
"
청산-유수,"[""靑 푸를 청"", ""山 뫼 산"", ""流 흐를 류"", ""水 물 수""]","푸른 산에 흐르는 맑은 물이라는 뜻으로, 막힘없이 썩 잘하는 말을 비유적으로 이르는 말.
"
청순가련-하다,"[""淸 맑을 청"", ""純 순수할 순"", ""可 옳을 가"", ""憐 불쌍히여길 련""]","깨끗하고 순수하며 동정이 가도록 애틋하다.
"
청약-하다,"[""請 청할 청"", ""約 맺을 약""]","일정한 내용의 계약을 체결할 것을 목적으로 하는 일방적·확정적 의사 표시를 하다.
"
체급,"[""體 몸 체"", ""級 등급 급""]","권투·레슬링·유도·역도 따위에서, 경기자의 체중에 따라서 매겨진 등급.
"
체념-하다,"[""諦 살필 체"", ""念 생각 념""]","희망을 버리고 아주 단념하다.
"
체득-하다,"[""體 몸 체"", ""得 얻을 득""]","「1」몸소 체험하여 알다.
「2」뜻을 깊이 이해하여 실천으로써 본뜨다.
"
초월-하다,"[""超 뛰어넘을 초"", ""越 넘을 월""]","「1」어떠한 한계나 표준을 뛰어넘다.
「2」경험이나 인식의 범위를 벗어나 그 바깥 또는 그 위에 위치하다. 스콜라 철학에서는 아리스토텔레스의 범주에 들지 않는 존재, 신(神), 선(善)이라는 개념의 본연의 자세를 말한다. 칸트 철학에서는 초감성적인 것이 우리들의 경험에서 독립하는 일을 말하며, 실존 철학에서는 무자각적인 일상적 존재의 입장에서 철학적 자각의 입장으로 넘어서 나아가는 일을 말한다.
"
촌방,"[""村 마을 촌"", ""坊 동네 방""]","사람들이 살고 있는 시골의 부락.
"
추태,"[""醜 더러울 추"", ""態 모양 태""]","더럽고 지저분한 태도나 짓.
"
축경,"[""祝 빌 축"", ""慶 경사 경""]","경사스러운 일을 축하함.
"
축배,"[""祝 빌 축"", ""杯 잔 배""]","축하하는 뜻으로 마시는 술. 또는 그런 술잔.
"
축사,"[""祝 빌 축"", ""辭 말씀 사""]","축하의 뜻을 나타내는 글을 쓰거나 말을 함. 또는 그 글이나 말.
"
침수-되다,"[""沈 잠길 침"", ""水 물 수""]","「1」물에 잠기게 되다.
「2」지반이 내려앉거나 해수면이 높아져 육지가 바닷물 속으로 가라앉게 되다.
"
침식-하다,"[""浸 잠길 침"", ""蝕 좀먹을 식""]","비, 하천, 빙하, 바람 따위의 자연 현상이 지표를 깎다.
"
탈선-하다,"[""脫 벗을 탈"", ""線 줄 선""]","[1]「1」기차나 전차 따위의 바퀴가 선로를 벗어나다.
[1]「2」말이나 행동 따위가 나쁜 방향으로 빗나가다.
[2]목적 이외의 딴 길로 빠지다.
"
탈세-하다,"[""脫 벗을 탈"", ""稅 세금 세""]","납세자가 납세액의 전부 또는 일부를 내지 아니하다.
"
탈영-하다,"[""脫 벗을 탈"", ""營 경영할 영""]","군인이 자기가 속한 병영에서 무단으로 빠져나와 도망하다.
"
통섭,"[""統 거느릴 통"", ""攝 다스릴 섭""]","전체를 도맡아 다스림.
"
통속-적,"[""通 통할 통"", ""俗 풍속 속"", ""的 과녁 적""]","[Ⅰ]「1」세상에 널리 통하는 것.
[Ⅰ]「2」비전문적이고 대체로 저속하며 일반 대중에게 쉽게 통할 수 있는 것.
[Ⅱ]「1」세상에 널리 통하는.
[Ⅱ]「2」비전문적이고 대체로 저속하며 일반 대중에게 쉽게 통할 수 있는.
"
통수-하다,"[""統 거느릴 통"", ""帥 장수 수""]","무리를 거느려 다스리다.
"
통습,"[""通 통할 통"", ""習 익힐 습""]","「1」일반적인 풍습.
「2」모든 것에 걸쳐 두루 배움.
「3」사물의 진리를 잘 분별함.
"
통신-문,"[""通 통할 통"", ""信 소식 신"", ""文 글월 문""]","통신 내용을 적은 글.
"
통용-되다,"[""通 통할 통"", ""用 쓸 용""]","「1」일반적으로 두루 쓰이다.
「2」어떤 말이나 사물이 어떤 뜻이나 수단으로 널리 쓰이다.
「3」서로 넘나들어 두루 쓰이다.
"
통찰-하다,"[""洞 골 동"", ""察 살필 찰""]","「1」예리한 관찰력으로 사물을 꿰뚫어 보다.
「2」새로운 사태에 직면하여 장면의 의미를 재조직화함으로써 갑작스럽게 문제를 해결하다. 쾰러는 학습이 시행착오에 의하여 일어나는 것이 아니라 이러한 과정에 의하여 일어난다고 보았다.
「3」심리 치료에서, 환자가 이전에는 인식하지 못하였던 자신의 심적 상태를 알게 되다.
"
통탄-하다,"[""痛 아플 통"", ""歎 탄식할 탄""]","몹시 탄식하다.
"
특명-하다,"[""特 특별할 특"", ""命 목숨 명""]","특별히 임명하다.
"
폐막-식,"[""閉 닫을 폐"", ""幕 장막 막"", ""式 법 식""]","일정 기간 동안 행사를 치르고 난 뒤 그것을 끝맺기 위하여 맨 마지막으로 하는 행사.
"
폐백,"[""幣 화폐 폐"", ""帛 비단 백""]","「1」임금에게 바치거나 제사 때 신에게 바치는 물건. 또는 그런 일.
「2」신부가 처음으로 시부모를 뵐 때 큰절을 하고 올리는 물건. 또는 그런 일. 주로 대추나 포 따위를 올린다.
「3」혼인 전에 신랑이 신붓집에 보내는 예물.
「4」윗사람이나 점잖은 사람을 만나러 갈 때 가지고 가는 선물.
"
폐-혈관,"[""肺 허파 폐"", ""血 피 혈"", ""管 대롱 관""]","허파 동맥, 허파 정맥 및 허파 꽈리에 얽혀 있는 많은 모세 혈관을 통틀어 이르는 말.
"
포괄-하다,"[""包 쌀 포"", ""括 묶을 괄""]","일정한 대상이나 현상 따위를 한데 묶어서 어떤 범위나 한계 안에 모두 들게 하다.
"
포용-하다,"[""包 쌀 포"", ""容 얼굴 용""]","남을 너그럽게 감싸 주거나 받아들이다.
"
폭설,"[""暴 사나울 폭"", ""雪 눈 설""]","갑자기 많이 내리는 눈.
"
폭소-하다,"[""爆 불터질 폭"", ""笑 웃음 소""]","웃음이 갑자기 세차게 터져 나오다.
"
풍문,"[""風 바람 풍"", ""聞 들을 문""]","바람처럼 떠도는 소문.
"
풍습,"[""風 바람 풍"", ""習 익힐 습""]","풍속과 습관을 아울러 이르는 말.
"
하산-하다,"[""下 아래 하"", ""山 뫼 산""]","[1]「1」산에서 내려오거나 내려가다.
[1]「2」깨달음을 얻거나 생활할 수 없어 산에서의 생활을 그만두다.
[2]땔나무, 숯, 재목 따위를 산에서 날라 내려가거나 내려오다.
"
하직-하다,"[""下 아래 하"", ""直 곧을 직""]","[1]「1」먼 길을 떠날 때 웃어른께 작별을 고하다.
[1]「2」서울을 떠나는 벼슬아치가 임금에게 작별을 아뢰다.
[2]「1」무슨 일이 마지막이거나 무슨 일을 그만두다.
[2]「2」어떤 곳에서 떠나다.
[3]벼슬아치가 당직이 끝나 집으로 가다.
"
하행,"[""下 아래 하"", ""行 다닐 행""]","「1」아래쪽으로 내려감.
「2」서울에서 지방으로 내려감. 또는 그런 교통수단.
"
하행-선,"[""下 아래 하"", ""行 다닐 행"", ""線 줄 선""]","중앙에서 지방으로 내려가는 도로나 선로.
"
학령-기,"[""學 배울 학"", ""齡 나이 령"", ""期 기약할 기""]","초등학교에서 의무 교육을 받아야 할 나이의 시기. 만 6~12세이다.
"
한산-하다,"[""閑 한가할 한"", ""散 흩어질 산""]","「1」일이 없어 한가하다.
「2」인적이 드물어 한적하고 쓸쓸하다.
"
한탄-하다,"[""恨 원통할 한"", ""歎 탄식할 탄""]","원통하거나 뉘우치는 일이 있을 때 한숨을 쉬며 탄식하다.
"
함축-미,"[""含 머금을 함"", ""蓄 쌓을 축"", ""美 아름다울 미""]","겉으로 드러내지 아니하고 속에 간직하고 있는 아름다움.
"
합금,"[""合 합할 합"", ""金 쇠 금""]","하나의 금속에 성질이 다른 하나 이상의 금속이나 비금속을 섞어서 녹여 새로운 성질의 금속을 만듦. 또는 그렇게 만든 금속.
"
합리-적,"[""合 합할 합"", ""理 다스릴 리"", ""的 과녁 적""]","[Ⅰ]이론이나 이치에 합당한 것.
[Ⅱ]이론이나 이치에 합당한.
"
합법-적,"[""合 합할 합"", ""法 법 법"", ""的 과녁 적""]","[Ⅰ]법령이나 규범에 맞는 것.
[Ⅱ]법령이나 규범에 맞는.
"
합사-하다,"[""合 합할 합"", ""祀 제사 사"" ]","둘 이상의 혼령을 한곳에 모아 제사를 지내다.
"
합의-금,"[""合 합할 합"", ""意 뜻 의"", ""金 쇠 금""]","합의를 하기 위하여 주는 돈.
"
해빙-하다,"[""解 풀 해"", ""氷 얼음 빙"" ]","「1」얼음이 녹아 풀리다.
「2」(비유적으로) 서로 대립 중이던 세력 사이의 긴장이 완화되다.
"
해외^파병,"[""海 바다 해"", ""外 바깥 외"", ""派 물갈래 파"", ""兵 군사 병""]","자기 나라의 군대나 군함, 군용기 따위를 군사적 목적으로 다른 나라의 영토나 영해, 영공에 파견하는 일.
"
해저,"[""海 바다 해"", ""底 밑 저""]","바다의 밑바닥.
"
형량,"[""刑 형벌 형"", ""量 헤아릴 량""]","죄인에게 내리는 형벌의 정도. 보통 죄인이 복역해야 할 기간을 이른다.
"
형벌,"[""刑 형벌 형"", ""罰 죄 벌""]","범죄에 대한 법률의 효과로서 국가 따위가 범죄자에게 제재를 가함. 또는 그 제재.
"
형부,"[""兄 맏 형"", ""夫 사내 부""]","언니의 남편을 이르거나 부르는 말.
"
형사-법,"[""刑 형벌 형"", ""事 일 사"", ""法 법 법""]","국가 형벌권의 내용과 그 집행 방법 따위를 규정한 법률. 형법, 형사 소송법, 형의 집행 및 수용자의 처우에 관한 법률 따위를 이른다.
"
형언-하다,"[""形 모양 형"", ""言 말씀 언"" ]","형용하여 말하다.
"
형용-하다,"[""形 모양 형"", ""容 얼굴 용"" ]","말이나 글, 몸짓 따위로 사물이나 사람의 모양을 나타내다.
"
형평,"[""衡 저울대 형"", ""平 평평할 평""]","균형이 맞음. 또는 그런 상태.
"
형형색색,"[""形 모양 형"", ""形 모양 형"", ""色 빛 색"", ""色 빛 색""]","형상과 빛깔 따위가 서로 다른 여러 가지.
"
호걸,"[""豪 호걸 호"", ""傑 뛰어날 걸""]","지혜와 용기가 뛰어나고 기개와 풍모가 있는 사람.
"
호기-성,"[""好 좋을 호"", ""氣 기운 기"", ""性 성질 성""]","세균 따위가 산소가 있을 때에 생육하는 성질.
"
호번-하다,"[""浩 넓을 호"", ""繁 많을 번""]","넓고 크며 번거롭게 많다.
"
호소-력,"[""呼 부를 호"", ""訴 호소할 소"", ""力 힘 력""]","강한 인상을 주어 마음을 사로잡을 수 있는 힘.
"
화농-성,"[""化 될 화"", ""膿 고름 농"", ""性 성품 성""]","종기가 곪아서 고름이 생길 성질.
"
화로,"[""火 불 화"", ""爐 화로 로""]","숯불을 담아 놓는 그릇. 주로 불씨를 보존하거나 난방을 위하여 쓴다.
"
화상^회의,"[""畫 그림 화"", ""像 모양 상"", ""會 모일 회"", ""議 의논할 의""]","네트워크로 연결된 통신 기기의 화면으로 상대를 보면서 하는 회의.
"
화색,"[""和 화할 화"", ""色 빛 색""]","얼굴에 드러나는 온화하고 환한 빛.
"
화성-학,"[""和 화할 화"", ""聲 소리 성"", ""學 배울 학""]","화음에 기초를 두고 그 구성, 연결, 방법 및 음 조직을 연구하는 분야. 대위법과 더불어 가장 기초적인 분야이다.
"
화소,"[""畫 그림 화"", ""素 바탕 소""]","텔레비전이나 사진 전송에서, 화면을 전기적으로 분해한 최소의 단위 면적. 영상 전체의 화소 총수는 화질을 비교하는 데 유용하다.
"
환연-히,"[""渙 풀릴 환"", ""然 그럴 연""]","의혹이 풀리어 가뭇없이.
"
환원-하다,"[""還 돌아올 환"", ""元 으뜸 원""]","[1]「1」본디의 상태로 다시 돌아가다. 또는 그렇게 되게 하다.
[1]「2」잡다한 사물이나 현상이 어떤 근본적인 것으로 바뀌다. 또는 그렇게 되게 하다.
[2]「1」어떤 원자, 분자, 이온 따위가 전자를 얻다.
[2]「2」물질 중에 있는 어떤 원자의 산화수가 감소하다.
[2]「3」산화물에서 산소가 빠지거나 어떤 물질이 수소와 결합하다.
"
환절-기,"[""換 바꿀 환"", ""節 마디 절"", ""期 기약할 기""]","철이 바뀌는 시기.
"
활강-하다,"[""滑 미끄러울 활"", ""降 내릴 강""]","비탈진 곳을 미끄러져 내려오거나 내려가다.
"
활주-하다,"[""滑 미끄러울 활"", ""走 달릴 주""]","「1」땅이나 물 위를 미끄러져 내닫다.
「2」항공기가 이착륙하기 위하여 빨리 내닫다.
"
황천-길,"[""黃 누를 황"", ""泉 샘 천""]","사람이 죽은 뒤에 그 혼이 가서 산다고 하는 세상으로 가는 길.
"
회귀-하다,"[""回 돌아올 회"", ""歸 돌아갈 귀""]","한 바퀴 돌아 제자리로 돌아오거나 돌아가다.
"
회답-하다,"[""回 돌 회"", ""答 대답 답""]","물음이나 편지 따위에 반응하다.
"
회복-세,"[""回 돌아올 회"", ""復 회복할 복"", ""勢 형세 세""]","병이나 경기 따위가 차츰 나아가는 상태.
"
회부-하다,"[""回 돌아올 회"", ""附 붙을 부""]","물건이나 사건 따위를 어떤 대상이나 과정으로 돌려보내거나 넘기다.
"
회수-하다,"[""回 돌아올 회"", ""收 거둘 수""]","도로 거두어들이다.
"
회신-료,"[""回 돌아올 회"", ""信 믿을 신"", ""料 헤아릴 료""]","회답하는 통신을 보내는 데에 드는 요금.
"
회심,"[""會 모일 회"", ""心 마음 심""]","마음에 흐뭇하게 들어맞음. 또는 그런 상태의 마음.
"
횡재-하다,"[""橫 가로 횡"", ""財 재물 재""]","뜻밖에 재물을 얻다.
"
후견-인,"[""後 뒤 후"", ""見 볼 견"", ""人 사람 인""]","「1」역량이나 능력이 부족한 사람의 뒤를 돌보아 주는 사람.
「2」후견의 직무를 행하는 사람. 친권자의 지정(指定)에 의하는 지정 후견인, 친족회(親族會)나 법원의 선정(選定)에 의하는 선정 후견인, 법률의 규정에 의하는 법정 후견인 등이 있다.
"
